id,file,source,welt,seltenheit,typ,name
boot_25,assets/boots/boot_25.png,art/boots/boot_25.jpg,Dschungel,Common,Stomper,
boot_15,assets/boots/boot_15.png,art/boots/boot_15.jpg,Dschungel,Rare,Stomper,
boot_36,assets/boots/boot_36.png,art/boots/boot_36.jpg,Dschungel,Epic,Dasher,
boot_34,assets/boots/boot_34.png,art/boots/boot_34.jpg,Dschungel,Legendary,Stomper,
boot_01,assets/boots/boot_01.png,art/boots/boot_01.jpg,Mittelalter,Common,Stomper,Cobble (Startschuh)
boot_09,assets/boots/boot_09.png,art/boots/boot_09.jpg,Mittelalter,Rare,Stomper,
boot_29,assets/boots/boot_29.png,art/boots/boot_29.jpg,Mittelalter,Epic,Stomper,
boot_16,assets/boots/boot_16.png,art/boots/boot_16.jpg,Mittelalter,Legendary,Stomper,
boot_05,assets/boots/boot_05.png,art/boots/boot_05.jpg,Pirat,Common,Stomper,
boot_13,assets/boots/boot_13.png,art/boots/boot_13.jpg,Pirat,Rare,Stomper,
boot_23,assets/boots/boot_23.png,art/boots/boot_23.jpg,Pirat,Epic,Stomper,
boot_33,assets/boots/boot_33.png,art/boots/boot_33.jpg,Pirat,Legendary,Strider,
boot_03,assets/boots/boot_03.png,art/boots/boot_03.jpg,Roboter,Common,Stomper,
boot_11,assets/boots/boot_11.png,art/boots/boot_11.jpg,Roboter,Rare,Stomper,
boot_30,assets/boots/boot_30.png,art/boots/boot_30.jpg,Roboter,Epic,Stomper,
boot_04,assets/boots/boot_04.png,art/boots/boot_04.jpg,Rokoko,Common,Strider,
boot_18,assets/boots/boot_18.png,art/boots/boot_18.jpg,Rokoko,Rare,Dasher,
boot_12,assets/boots/boot_12.png,art/boots/boot_12.jpg,Rokoko,Epic,Strider,
boot_19,assets/boots/boot_19.png,art/boots/boot_19.jpg,Rokoko,Legendary,Strider,
boot_07,assets/boots/boot_07.png,art/boots/boot_07.jpg,Steampunk,Common,Strider,
boot_17,assets/boots/boot_17.png,art/boots/boot_17.jpg,Steampunk,Rare,Stomper,
boot_35,assets/boots/boot_35.png,art/boots/boot_35.jpg,Steampunk,Epic,Stomper,
boot_40,assets/boots/boot_40.png,art/boots/boot_40.jpg,Steampunk,Legendary,Stomper,
boot_26,assets/boots/boot_26.png,art/boots/boot_26.jpg,Süßigkeit,Common,Strider,
boot_32,assets/boots/boot_32.png,art/boots/boot_32.jpg,Süßigkeit,Rare,Strider,
boot_39,assets/boots/boot_39.png,art/boots/boot_39.jpg,Süßigkeit,Legendary,Strider,
boot_10,assets/boots/boot_10.png,art/boots/boot_10.jpg,Unterwasser,Rare,Strider,
boot_20,assets/boots/boot_20.png,art/boots/boot_20.jpg,Unterwasser,Epic,Strider,
boot_37,assets/boots/boot_37.png,art/boots/boot_37.jpg,Unterwasser,Legendary,Dasher,
boot_02,assets/boots/boot_02.png,art/boots/boot_02.jpg,Weltraum,Common,Stomper,
boot_08,assets/boots/boot_08.png,art/boots/boot_08.jpg,Weltraum,Rare,Dasher,
boot_22,assets/boots/boot_22.png,art/boots/boot_22.jpg,Ägypten,Common,Strider,
boot_06,assets/boots/boot_06.png,art/boots/boot_06.jpg,Ägypten,Rare,Strider,
boot_27,assets/boots/boot_27.png,art/boots/boot_27.jpg,Ägypten,Epic,Strider,
boot_38,assets/boots/boot_38.png,art/boots/boot_38.jpg,Ägypten,Legendary,Stomper,
